INSERT INTO fitness_club (club_id, name, address, phone) VALUES
(1, 'Iron Fitness', 'ул. Спортивная, 15', '+79151234567'),
(2, 'Gym Pro', 'пр. Победы, 32', '+79152345678'),
(3, 'Body & Mind', 'ул. Зеленая, 5', '+79153456789'),
(4, 'Power Gym', 'ул. Центральная, 12', '+79154567890'),
(5, 'Fit Life', 'ул. Лесная, 8', '+79155678901'),
(6, 'Energy Club', 'пр. Мира, 45', '+79156789012'),
(7, 'Athletic', 'ул. Садовая, 3', '+79157890123'),
(8, 'Strong', 'ул. Новая, 17', '+79158901234'),
(9, 'Flex', 'ул. Гагарина, 9', '+79159012345'),
(10, 'Muscle House', 'ул. Ленина, 22', '+79150123456'),
(11, 'Fit World', 'ул. Парковая, 11', '+79151234560'),
(12, 'Gym 24', 'ул. Рабочая, 7', '+79152345670'),
(13, 'Sport Life', 'ул. Школьная, 14', '+79153456780'),
(14, 'Active', 'ул. Молодежная, 6', '+79154567800'),
(15, 'Champion', 'ул. Октябрьская, 19', '+79155678900');

INSERT INTO client (client_id, first_name, last_name, birth_date, phone) VALUES
(1, 'Александр', 'Иванов', '1985-03-15', '+79261234567'),
(2, 'Екатерина', 'Смирнова', '1990-07-22', '+79262345678'),
(3, 'Михаил', 'Кузнецов', '1988-11-05', '+79263456789'),
(4, 'Анна', 'Попова', '1992-04-30', '+79264567890'),
(5, 'Денис', 'Васильев', '1983-09-18', '+79265678901'),
(6, 'Ольга', 'Петрова', '1995-01-25', '+79266789012'),
(7, 'Артем', 'Соколов', '1987-06-12', '+79267890123'),
(8, 'Наталья', 'Михайлова', '1991-08-07', '+79268901234'),
(9, 'Сергей', 'Новиков', '1980-12-19', '+79269012345'),
(10, 'Ирина', 'Федорова', '1986-05-14', '+79260123456'),
(11, 'Андрей', 'Морозов', '1993-02-28', '+79261234560'),
(12, 'Мария', 'Волкова', '1989-10-11', '+79262345670'),
(13, 'Дмитрий', 'Алексеев', '1984-07-03', '+79263456780'),
(14, 'Юлия', 'Лебедева', '1994-04-22', '+79264567800'),
(15, 'Павел', 'Семенов', '1982-11-15', '+79265678900'),
(16, 'Елена', 'Павлова', '1981-09-08', '+79266789001'),
(17, 'Владимир', 'Григорьев', '1996-03-27', '+79267890012'),
(18, 'Алиса', 'Сергеева', '1987-12-10', '+79268900123'),
(19, 'Георгий', 'Романов', '1990-06-18', '+79269001234'),
(20, 'Виктория', 'Козлова', '1988-08-25', '+79260102345');

INSERT INTO season_ticket (ticket_id, client_id, type, start_date, end_date, price, is_active) VALUES
(1, 1, 'Standard', '2023-01-01', '2023-03-01', 5000, FALSE),
(2, 1, 'Premium', '2023-03-02', '2023-06-02', 8000, FALSE),
(3, 1, 'VIP', '2023-06-03', '2023-12-03', 12000, TRUE),
(4, 2, 'Standard', '2023-02-15', '2023-05-15', 5000, FALSE),
(5, 2, 'Standard', '2023-05-16', '2023-08-16', 5000, TRUE),
(6, 3, 'Premium', '2023-01-10', '2023-07-10', 8000, FALSE),
(7, 3, 'Premium', '2023-07-11', '2024-01-11', 8000, TRUE),
(8, 4, 'VIP', '2023-03-20', '2023-09-20', 12000, FALSE),
(9, 4, 'Standard', '2023-09-21', '2023-12-21', 5000, TRUE),
(10, 5, 'Standard', '2023-04-05', '2023-07-05', 5000, FALSE),
(11, 5, 'Premium', '2023-07-06', '2024-01-06', 8000, TRUE),
(12, 6, 'Standard', '2023-05-01', '2023-08-01', 5000, TRUE),
(13, 7, 'VIP', '2023-06-15', '2023-12-15', 12000, TRUE),
(14, 8, 'Premium', '2023-02-28', '2023-08-28', 8000, FALSE),
(15, 8, 'Premium', '2023-08-29', '2024-02-29', 8000, TRUE),
(16, 9, 'Standard', '2023-01-05', '2023-04-05', 5000, FALSE),
(17, 9, 'Standard', '2023-04-06', '2023-07-06', 5000, FALSE),
(18, 9, 'VIP', '2023-07-07', '2024-01-07', 12000, TRUE),
(19, 10, 'Premium', '2023-03-10', '2023-09-10', 8000, FALSE),
(20, 10, 'Standard', '2023-09-11', '2023-12-11', 5000, TRUE),
(21, 11, 'Standard', '2023-04-20', '2023-07-20', 5000, FALSE),
(22, 11, 'Standard', '2023-07-21', '2023-10-21', 5000, TRUE),
(23, 12, 'VIP', '2023-05-15', '2023-11-15', 12000, TRUE),
(24, 13, 'Premium', '2023-01-20', '2023-07-20', 8000, FALSE),
(25, 13, 'Premium', '2023-07-21', '2024-01-21', 8000, TRUE),
(26, 14, 'Standard', '2023-06-01', '2023-09-01', 5000, TRUE),
(27, 15, 'VIP', '2023-02-10', '2023-08-10', 12000, FALSE),
(28, 15, 'Standard', '2023-08-11', '2023-11-11', 5000, TRUE),
(29, 16, 'Premium', '2023-03-25', '2023-09-25', 8000, FALSE),
(30, 16, 'Premium', '2023-09-26', '2024-03-26', 8000, TRUE),
(31, 17, 'Standard', '2023-04-10', '2023-07-10', 5000, FALSE),
(32, 17, 'VIP', '2023-07-11', '2024-01-11', 12000, TRUE),
(33, 18, 'Standard', '2023-05-20', '2023-08-20', 5000, TRUE),
(34, 19, 'Premium', '2023-01-15', '2023-07-15', 8000, FALSE),
(35, 19, 'Standard', '2023-07-16', '2023-10-16', 5000, TRUE),
(36, 20, 'VIP', '2023-06-05', '2023-12-05', 12000, TRUE);

INSERT INTO group_exercise (exercise_id, name, trainer_id, club_id) VALUES
(1, 'Йога', 1, 1),
(2, 'Пилатес', 2, 1),
(3, 'Кроссфит', 4, 2),
(4, 'Тай-бо', 5, 2),
(5, 'Стретчинг', 7, 3),
(6, 'Бодипамп', 8, 4),
(7, 'Зумба', 9, 5),
(8, 'Тренировка TRX', 11, 6),
(9, 'Функциональный тренинг', 12, 7),
(10, 'Кикбоксинг', 13, 8),
(11, 'Танцевальный фитнес', 15, 10),
(12, 'Круговая тренировка', 16, 11),
(13, 'Силовая тренировка', 17, 12),
(14, 'Фитбол', 19, 14),
(15, 'Аквааэробика', 20, 15),
(16, 'Йога для начинающих', 1, 1),
(17, 'Продвинутая йога', 2, 1),
(18, 'Функциональный тренинг PRO', 5, 2),
(19, 'Танцы живота', 9, 5);


INSERT INTO season_ticket_group_exercise (ticket_group_id, exercise_id, ticket_id) VALUES
(1, 1, 1),
(2, 2, 1),
(3, 3, 2),
(4, 4, 2),
(5, 5, 3),
(6, 6, 3),
(7, 7, 4),
(8, 8, 4),
(9, 9, 5),
(10, 10, 5),
(11, 11, 6),
(12, 12, 6),
(13, 13, 7),
(14, 14, 7),
(15, 15, 8),
(16, 16, 8),
(17, 17, 9),
(18, 18, 9),
(19, 19, 10),
(21, 1, 11),
(22, 3, 11),
(23, 5, 12),
(24, 7, 12),
(25, 9, 13),
(26, 11, 13),
(27, 13, 14),
(28, 15, 14),
(29, 17, 15),
(30, 19, 15),
(31, 2, 16),
(32, 4, 16),
(33, 6, 17),
(34, 8, 17),
(35, 10, 18),
(36, 12, 18),
(37, 14, 19),
(38, 16, 19),
(39, 18, 20),
(41, 1, 21),
(42, 2, 21),
(43, 3, 22),
(44, 4, 22),
(45, 5, 23),
(46, 6, 23),
(47, 7, 24),
(48, 8, 24),
(49, 9, 25),
(50, 10, 25);

INSERT INTO group_exercise_schedule (schedule_id, exercise_id, week_day, start_time, end_time) VALUES
(1, 1, 'Monday', '09:00:00', '10:00:00'),
(2, 1, 'Wednesday', '09:00:00', '10:00:00'),
(3, 1, 'Friday', '09:00:00', '10:00:00'),
(4, 2, 'Tuesday', '10:00:00', '11:00:00'),
(5, 2, 'Thursday', '10:00:00', '11:00:00'),
(6, 3, 'Monday', '18:00:00', '19:30:00'),
(7, 3, 'Wednesday', '18:00:00', '19:30:00'),
(8, 4, 'Tuesday', '19:00:00', '20:00:00'),
(9, 4, 'Friday', '19:00:00', '20:00:00'),
(10, 5, 'Monday', '08:00:00', '09:00:00'),
(11, 5, 'Wednesday', '08:00:00', '09:00:00'),
(12, 6, 'Tuesday', '17:00:00', '18:00:00'),
(13, 6, 'Thursday', '17:00:00', '18:00:00'),
(14, 7, 'Saturday', '11:00:00', '12:00:00'),
(15, 7, 'Sunday', '11:00:00', '12:00:00'),
(16, 8, 'Monday', '20:00:00', '21:00:00'),
(17, 8, 'Wednesday', '20:00:00', '21:00:00'),
(18, 9, 'Tuesday', '18:00:00', '19:00:00'),
(19, 9, 'Friday', '18:00:00', '19:00:00'),
(20, 10, 'Thursday', '19:00:00', '20:30:00'),
(21, 10, 'Saturday', '19:00:00', '20:30:00'),
(22, 11, 'Monday', '07:00:00', '08:00:00'),
(23, 11, 'Wednesday', '07:00:00', '08:00:00'),
(24, 12, 'Friday', '17:00:00', '18:00:00'),
(25, 12, 'Sunday', '17:00:00', '18:00:00'),
(26, 13, 'Tuesday', '20:00:00', '21:00:00'),
(27, 13, 'Thursday', '20:00:00', '21:00:00'),
(28, 14, 'Monday', '17:00:00', '18:30:00'),
(29, 14, 'Wednesday', '17:00:00', '18:30:00'),
(30, 15, 'Friday', '10:00:00', '11:00:00'),
(31, 15, 'Sunday', '10:00:00', '11:00:00'),
(32, 16, 'Saturday', '09:00:00', '10:00:00'),
(33, 17, 'Tuesday', '09:00:00', '10:00:00'),
(34, 17, 'Thursday', '09:00:00', '10:00:00'),
(35, 18, 'Monday', '19:00:00', '20:00:00'),
(36, 18, 'Wednesday', '19:00:00', '20:00:00'),
(37, 19, 'Friday', '18:00:00', '19:30:00'),
(38, 19, 'Sunday', '18:00:00', '19:30:00');



INSERT INTO fitness_club_working_time (time_id, club_id, week_day, start_time, end_time) VALUES
(1, 1, 'Monday', '07:00:00', '23:00:00'),
(2, 1, 'Tuesday', '07:00:00', '23:00:00'),
(3, 1, 'Wednesday', '07:00:00', '23:00:00'),
(4, 1, 'Thursday', '07:00:00', '23:00:00'),
(5, 1, 'Friday', '07:00:00', '23:00:00'),
(6, 1, 'Saturday', '09:00:00', '21:00:00'),
(7, 1, 'Sunday', '09:00:00', '21:00:00'),

(8, 2, 'Monday', '08:00:00', '22:00:00'),
(9, 2, 'Tuesday', '08:00:00', '22:00:00'),
(10, 2, 'Wednesday', '08:00:00', '22:00:00'),
(11, 2, 'Thursday', '08:00:00', '22:00:00'),
(12, 2, 'Friday', '08:00:00', '22:00:00'),
(13, 2, 'Saturday', '10:00:00', '20:00:00'),
(14, 2, 'Sunday', '10:00:00', '20:00:00'),

(15, 3, 'Monday', '06:00:00', '00:00:00'),
(16, 3, 'Tuesday', '06:00:00', '00:00:00'),
(17, 3, 'Wednesday', '06:00:00', '00:00:00'),
(18, 3, 'Thursday', '06:00:00', '00:00:00'),
(19, 3, 'Friday', '06:00:00', '00:00:00'),
(20, 3, 'Saturday', '08:00:00', '22:00:00'),
(21, 3, 'Sunday', '08:00:00', '22:00:00'),

(22, 4, 'Monday', '07:00:00', '23:00:00'),
(23, 4, 'Tuesday', '07:00:00', '23:00:00'),
(24, 4, 'Wednesday', '07:00:00', '23:00:00'),
(25, 4, 'Thursday', '07:00:00', '23:00:00'),
(26, 4, 'Friday', '07:00:00', '23:00:00'),
(27, 4, 'Saturday', '09:00:00', '21:00:00'),
(28, 4, 'Sunday', '09:00:00', '21:00:00'),

(29, 5, 'Monday', '06:30:00', '22:30:00'),
(30, 5, 'Tuesday', '06:30:00', '22:30:00'),
(31, 5, 'Wednesday', '06:30:00', '22:30:00'),
(32, 5, 'Thursday', '06:30:00', '22:30:00'),
(33, 5, 'Friday', '06:30:00', '22:30:00'),
(34, 5, 'Saturday', '08:30:00', '20:30:00'),
(35, 5, 'Sunday', '08:30:00', '20:30:00'),

(36, 6, 'Monday', '07:00:00', '23:00:00'),
(37, 6, 'Tuesday', '07:00:00', '23:00:00'),
(38, 6, 'Wednesday', '07:00:00', '23:00:00'),
(39, 6, 'Thursday', '07:00:00', '23:00:00'),
(40, 6, 'Friday', '07:00:00', '23:00:00'),
(41, 6, 'Saturday', '09:00:00', '21:00:00'),
(42, 6, 'Sunday', '09:00:00', '21:00:00'),

(43, 7, 'Monday', '07:00:00', '23:00:00'),
(44, 7, 'Tuesday', '07:00:00', '23:00:00'),
(45, 7, 'Wednesday', '07:00:00', '23:00:00'),
(46, 7, 'Thursday', '07:00:00', '23:00:00'),
(47, 7, 'Friday', '07:00:00', '23:00:00'),
(48, 7, 'Saturday', '09:00:00', '21:00:00'),
(49, 7, 'Sunday', '09:00:00', '21:00:00'),

(50, 8, 'Monday', '08:00:00', '22:00:00'),
(51, 8, 'Tuesday', '08:00:00', '22:00:00'),
(52, 8, 'Wednesday', '08:00:00', '22:00:00'),
(53, 8, 'Thursday', '08:00:00', '22:00:00'),
(54, 8, 'Friday', '08:00:00', '22:00:00'),
(55, 8, 'Saturday', '10:00:00', '20:00:00'),
(56, 8, 'Sunday', '10:00:00', '20:00:00'),

(57, 9, 'Monday', '06:00:00', '00:00:00'),
(58, 9, 'Tuesday', '06:00:00', '00:00:00'),
(59, 9, 'Wednesday', '06:00:00', '00:00:00'),
(60, 9, 'Thursday', '06:00:00', '00:00:00'),
(61, 9, 'Friday', '06:00:00', '00:00:00'),
(62, 9, 'Saturday', '08:00:00', '22:00:00'),
(63, 9, 'Sunday', '08:00:00', '22:00:00'),

(64, 10, 'Monday', '07:00:00', '23:00:00'),
(65, 10, 'Tuesday', '07:00:00', '23:00:00'),
(66, 10, 'Wednesday', '07:00:00', '23:00:00'),
(67, 10, 'Thursday', '07:00:00', '23:00:00'),
(68, 10, 'Friday', '07:00:00', '23:00:00'),
(69, 10, 'Saturday', '09:00:00', '21:00:00'),
(70, 10, 'Sunday', '09:00:00', '21:00:00'),

(71, 11, 'Monday', '06:30:00', '22:30:00'),
(72, 11, 'Tuesday', '06:30:00', '22:30:00'),
(73, 11, 'Wednesday', '06:30:00', '22:30:00'),
(74, 11, 'Thursday', '06:30:00', '22:30:00'),
(75, 11, 'Friday', '06:30:00', '22:30:00'),
(76, 11, 'Saturday', '08:30:00', '20:30:00'),
(77, 11, 'Sunday', '08:30:00', '20:30:00'),

(78, 12, 'Monday', '07:00:00', '23:00:00'),
(79, 12, 'Tuesday', '07:00:00', '23:00:00'),
(80, 12, 'Wednesday', '07:00:00', '23:00:00'),
(81, 12, 'Thursday', '07:00:00', '23:00:00'),
(82, 12, 'Friday', '07:00:00', '23:00:00'),
(83, 12, 'Saturday', '09:00:00', '21:00:00'),
(84, 12, 'Sunday', '09:00:00', '21:00:00'),

(85, 13, 'Monday', '08:00:00', '22:00:00'),
(86, 13, 'Tuesday', '08:00:00', '22:00:00'),
(87, 13, 'Wednesday', '08:00:00', '22:00:00'),
(88, 13, 'Thursday', '08:00:00', '22:00:00'),
(89, 13, 'Friday', '08:00:00', '22:00:00'),
(90, 13, 'Saturday', '10:00:00', '20:00:00'),
(91, 13, 'Sunday', '10:00:00', '20:00:00'),

(92, 14, 'Monday', '06:00:00', '00:00:00'),
(93, 14, 'Tuesday', '06:00:00', '00:00:00'),
(94, 14, 'Wednesday', '06:00:00', '00:00:00'),
(95, 14, 'Thursday', '06:00:00', '00:00:00'),
(96, 14, 'Friday', '06:00:00', '00:00:00'),
(97, 14, 'Saturday', '08:00:00', '22:00:00'),
(98, 14, 'Sunday', '08:00:00', '22:00:00'),

(99, 15, 'Monday', '07:00:00', '23:00:00'),
(100, 15, 'Tuesday', '07:00:00', '23:00:00'),
(101, 15, 'Wednesday', '07:00:00', '23:00:00'),
(102, 15, 'Thursday', '07:00:00', '23:00:00'),
(103, 15, 'Friday', '07:00:00', '23:00:00'),
(104, 15, 'Saturday', '09:00:00', '21:00:00'),
(105, 15, 'Sunday', '09:00:00', '21:00:00');

INSERT INTO employee (employee_id, first_name, last_name, position, phone, salary, club_id, valid_from, valid_to) VALUES
(1, 'Иван', 'Петров', 'Тренер', '+79161234567', 50000, 1,   '2023-01-01 00:00:00',  '2023-06-01 00:00:00'),
(2, 'Алексей', 'Сидоров', 'Тренер', '+79162345678', 55000, 1,  '2023-01-01 00:00:00',  '2023-06-01 00:00:00'),
(3, 'Елена', 'Иванова', 'Администратор', '+79163456789', 45000, 1,  '2023-01-01 00:00:00',  '2023-06-01 00:00:00'),
(4, 'Ольга', 'Смирнова', 'Тренер', '+79164567890', 52000, 2,  '2023-01-01 00:00:00',  '2023-06-01 00:00:00'),
(5, 'Дмитрий', 'Кузнецов', 'Тренер', '+79165678901', 58000, 2,  '2023-01-01 00:00:00',  '2023-06-01 00:00:00'),
(6, 'Анна', 'Васильева', 'Менеджер', '+79166789012', 60000, 3,  '2023-01-01 00:00:00',  '2023-06-01 00:00:00'),
(7, 'Сергей', 'Попов', 'Тренер', '+79167890123', 53000, 3,  '2023-01-01 00:00:00',  '2023-06-01 00:00:00'),
(8, 'Мария', 'Новикова', 'Тренер', '+79168901234', 51000, 4,  '2023-01-01 00:00:00',  '2023-06-01 00:00:00'),
(9, 'Андрей', 'Федоров', 'Тренер', '+79169012345', 54000, 5,  '2023-01-01 00:00:00',  '2023-06-01 00:00:00'),
(10, 'Наталья', 'Морозова', 'Администратор', '+79160123456', 47000, 5,  '2023-01-01 00:00:00',  '2023-06-01 00:00:00'),
(11, 'Артем', 'Волков', 'Тренер', '+79161234560', 56000, 6,  '2023-01-01 00:00:00',  '2023-06-01 00:00:00'),
(12, 'Юлия', 'Алексеева', 'Тренер', '+79162345670', 52000, 7,  '2023-01-01 00:00:00',  '2023-06-01 00:00:00'),
(13, 'Павел', 'Лебедев', 'Тренер', '+79163456780', 57000, 8,  '2023-01-01 00:00:00',  '2023-06-01 00:00:00'),
(14, 'Екатерина', 'Семенова', 'Менеджер', '+79164567800', 62000, 9,  '2023-01-01 00:00:00',  '2023-06-01 00:00:00'),
(15, 'Максим', 'Павлов', 'Тренер', '+79165678900', 54000, 10,  '2023-01-01 00:00:00',  '2023-06-01 00:00:00'),
(16, 'Виктория', 'Григорьева', 'Тренер', '+79166789001', 51000, 11,  '2023-01-01 00:00:00',  '2023-06-01 00:00:00'),
(17, 'Александр', 'Сергеев', 'Тренер', '+79167890012', 59000, 12,  '2023-01-01 00:00:00',  '2023-06-01 00:00:00'),
(18, 'Татьяна', 'Романова', 'Администратор', '+79168900123', 48000, 13,  '2023-01-01 00:00:00',  '2023-06-01 00:00:00'),
(19, 'Игорь', 'Козлов', 'Тренер', '+79169001234', 55000, 14,  '2023-01-01 00:00:00',  '2023-06-01 00:00:00'),
(20, 'Светлана', 'Николаева', 'Тренер', '+79160102345', 53000, 15,  '2023-01-01 00:00:00',  '2023-06-01 00:00:00'),
(21, 'Иван', 'Петров', 'Старший тренер', '+79161234567', 55000, 1,  '2023-06-01 00:00:00',  '9999-12-31 23:59:59'),
(22, 'Алексей', 'Сидоров', 'Тренер', '+79162345679', 60000, 2,  '2023-06-01 00:00:00',  '9999-12-31 23:59:59'),
(23, 'Елена', 'Иванова', 'Старший администратор', '+79163456789', 50000, 1,  '2023-06-01 00:00:00',  '9999-12-31 23:59:59'),
(24, 'Ольга', 'Смирнова', 'Тренер', '+79164567890', 55000, 3,  '2023-06-01 00:00:00',  '9999-12-31 23:59:59'),
(25, 'Дмитрий', 'Кузнецов', 'Тренер', '+79165678901', 65000, 2,  '2023-06-01 00:00:00',  '9999-12-31 23:59:59'),
(26, 'Анна', 'Васильева', 'Старший менеджер', '+79166789012', 70000, 3,  '2023-06-01 00:00:00',  '9999-12-31 23:59:59'),
(27, 'Сергей', 'Попов', 'Тренер', '+79167890123', 58000, 4,  '2023-06-01 00:00:00',  '9999-12-31 23:59:59'),
(28, 'Мария', 'Новикова', 'Тренер', '+79168901234', 55000, 5,  '2023-06-01 00:00:00',  '9999-12-31 23:59:59'),
(29, 'Андрей', 'Федоров', 'Тренер', '+79169012345', 59000, 5,  '2023-06-01 00:00:00',  '9999-12-31 23:59:59'),
(30, 'Наталья', 'Морозова', 'Администратор', '+79160123456', 52000, 6,  '2023-06-01 00:00:00',  '9999-12-31 23:59:59'),
(31, 'Артем', 'Волков', 'Тренер', '+79161234560', 60000, 6,  '2023-06-01 00:00:00',  '9999-12-31 23:59:59'),
(32, 'Юлия', 'Алексеева', 'Тренер', '+79162345670', 57000, 7,  '2023-06-01 00:00:00',  '9999-12-31 23:59:59'),
(33, 'Павел', 'Лебедев', 'Тренер', '+79163456780', 62000, 8,  '2023-06-01 00:00:00',  '9999-12-31 23:59:59'),
(34, 'Екатерина', 'Семенова', 'Менеджер', '+79164567800', 68000, 9,  '2023-06-01 00:00:00',  '9999-12-31 23:59:59'),
(35, 'Максим', 'Павлов', 'Тренер', '+79165678900', 59000, 10,  '2023-06-01 00:00:00',  '9999-12-31 23:59:59'),
(36, 'Виктория', 'Григорьева', 'Тренер', '+79166789001', 56000, 11,  '2023-06-01 00:00:00',  '9999-12-31 23:59:59'),
(37, 'Александр', 'Сергеев', 'Тренер', '+79167890012', 65000, 12,  '2023-06-01 00:00:00',  '9999-12-31 23:59:59'),
(38, 'Татьяна', 'Романова', 'Администратор', '+79168900123', 53000, 13,  '2023-06-01 00:00:00',  '9999-12-31 23:59:59'),
(39, 'Игорь', 'Козлов', 'Тренер', '+79169001234', 60000, 14,  '2023-06-01 00:00:00',  '9999-12-31 23:59:59'),
(40, 'Светлана', 'Николаева', 'Тренер', '+79160102345', 58000, 15,  '2023-06-01 00:00:00',  '9999-12-31 23:59:59');
